{"time":1671319632782,"media_locations":["I:\\Music","I:\\Movies"],"cached_storage_index":{"I:\\Music":13698.302118301392,"I:\\Movies":77517.53578948975,"total":91215.83790779114,"free_space":209037.3671875},"storage_index_interval":3600}